F_statistic,p_value,levene_p_value
10.413373896754942,8.473258852253513e-07,0.05439216397522384
