company,n,negative_count,negative_proportion,p_value
DHL,205,52,0.25365853658536586,0.9999999999998366
FedEx,597,223,0.37353433835845895,0.9999999998005726
UPS,411,115,0.2798053527980535,0.9999999999999999
USPS,793,232,0.29255989911727615,0.9999999999999999
