chi2,p_value,degrees_freedom,cramers_v
18.217001716688817,0.005712173619927964,6,0.06738418615329252
