company,n,mean,median,std,min,max
DHL,205,0.1470653658536586,0.015,0.39673266227297643,-0.8885,0.886
FedEx,597,-0.007857621440536009,0.0,0.4848353367084322,-0.9626,0.9732
UPS,411,0.11961605839416063,0.0,0.474340681043402,-0.9706,0.9786
USPS,793,0.1081315258511979,0.0,0.46533717165411104,-0.985,0.9878
