company,Negative,Neutral,Positive
DHL,0.25365853658536586,0.25853658536585367,0.4878048780487805
FedEx,0.37353433835845895,0.23283082077051925,0.3936348408710218
UPS,0.2798053527980535,0.24087591240875914,0.4793187347931874
USPS,0.29255989911727615,0.2471626733921816,0.46027742749054223
