sentiment_label,share
Positive,0.44715852442671983
Negative,0.3100697906281156
Neutral,0.24277168494516452
