company,count,mean,std,se,ci95
FedEx,597,-0.007857621440536009,0.4848353367084322,0.019842989375057834,0.03889225917511335
USPS,793,0.1081315258511979,0.46533717165411104,0.016524607479815573,0.03238823066043852
UPS,411,0.11961605839416063,0.474340681043402,0.02339750031841364,0.04585910062409074
DHL,205,0.1470653658536586,0.39673266227297643,0.02770901106527671,0.05430966168794235
